ISO,country,incgrp,wb_region,foodsafety2018,foodsafety2019,foodsafety2020,disp_area,UN_status_detail,UNmemberstate,UN_status,territoryof,ISO_governing,UN_contregion_code,UN_continental_region,UN_subregion_code,UN_subregion,UN_intermedregion_code,UN_intermediary_region,m49_code,fsci_regions,foodsafety_latestyear
AFG,Afghanistan,Low income,South Asia,20,20,20,NO,Member State,1,"Territory, region, or administrated by a state",Member State,,142,Asia,034,Southern Asia,,,004,Southern Asia,20
AGO,Angola,Lower middle income,Sub-Saharan Africa,20,40,40,NO,Member State,1,"Territory, region, or administrated by a state",Member State,,002,Africa,202,Sub-Saharan Africa,017,Middle Africa,024,Sub-Saharan Africa,40
ALB,Albania,Upper middle income,Europe & Central Asia,,60,80,NO,Member State,1,"Territory, region, or administrated by a state",Member State,,150,Europe,039,Southern Europe,,,008,Northern America and Europe,80
AND,Andorra,High income,Europe & Central Asia,80,80,80,NO,Member State,1,"Territory, region, or administrated by a state",Member State,,150,Europe,039,Southern Europe,,,020,Northern America and Europe,80
ARE,United Arab Emirates,High income,Middle East & North Africa,100,100,100,NO,Member State,1,"Territory, region, or administrated by a state",Member State,,142,Asia,145,Western Asia,,,784,Northern Africa & Western Asia,100
ARG,Argentina,Upper middle income,Latin America & Caribbean,80,80,80,NO,Member State,1,"Territory, region, or administrated by a state",Member State,,019,Americas,419,Latin America and the Caribbean,005,South America,032,Latin America & Caribbean,80
ARM,Armenia,Upper middle income,Europe & Central Asia,40,40,40,NO,Member State,1,"Territory, region, or administrated by a state",Member State,,142,Asia,145,Western Asia,,,051,Northern Africa & Western Asia,40
ATG,Antigua and Barbuda,High income,Latin America & Caribbean,80,,,NO,Member State,1,"Territory, region, or administrated by a state",Member State,,019,Americas,419,Latin America and the Caribbean,029,Caribbean,028,Latin America & Caribbean,80
AUS,Australia,High income,East Asia & Pacific,100,100,100,NO,Member State,1,"Territory, region, or administrated by a state",Member State,,009,Oceania,053,Australia and New Zealand,,,036,Oceania,100
AUT,Austria,High income,Europe & Central Asia,80,100,100,NO,Member State,1,"Territory, region, or administrated by a state",Member State,,150,Europe,155,Western Europe,,,040,Northern America and Europe,100
AZE,Azerbaijan,Upper middle income,Europe & Central Asia,60,80,80,NO,Member State,1,"Territory, region, or administrated by a state",Member State,,142,Asia,145,Western Asia,,,031,Northern Africa & Western Asia,80
BDI,Burundi,Low income,Sub-Saharan Africa,40,40,40,NO,Member State,1,"Territory, region, or administrated by a state",Member State,,002,Africa,202,Sub-Saharan Africa,014,Eastern Africa,108,Sub-Saharan Africa,40
BEL,Belgium,High income,Europe & Central Asia,100,100,100,NO,Member State,1,"Territory, region, or administrated by a state",Member State,,150,Europe,155,Western Europe,,,056,Northern America and Europe,100
BEN,Benin,Lower middle income,Sub-Saharan Africa,40,40,40,NO,Member State,1,"Territory, region, or administrated by a state",Member State,,002,Africa,202,Sub-Saharan Africa,011,Western Africa,204,Sub-Saharan Africa,40
BFA,Burkina Faso,Low income,Sub-Saharan Africa,40,20,60,NO,Member State,1,"Territory, region, or administrated by a state",Member State,,002,Africa,202,Sub-Saharan Africa,011,Western Africa,854,Sub-Saharan Africa,60
BGD,Bangladesh,Lower middle income,South Asia,40,40,60,NO,Member State,1,"Territory, region, or administrated by a state",Member State,,142,Asia,034,Southern Asia,,,050,Southern Asia,60
BGR,Bulgaria,Upper middle income,Europe & Central Asia,80,80,80,NO,Member State,1,"Territory, region, or administrated by a state",Member State,,150,Europe,151,Eastern Europe,,,100,Northern America and Europe,80
BHR,Bahrain,High income,Middle East & North Africa,100,100,,NO,Member State,1,"Territory, region, or administrated by a state",Member State,,,Asia,145,Western Asia,,,048,Northern Africa & Western Asia,100
BHS,Bahamas,High income,Latin America & Caribbean,80,80,80,NO,Member State,1,"Territory, region, or administrated by a state",Member State,,019,Americas,419,Latin America and the Caribbean,029,Caribbean,044,Latin America & Caribbean,80
BIH,Bosnia and Herzegovina,Upper middle income,Europe & Central Asia,80,80,,NO,Member State,1,"Territory, region, or administrated by a state",Member State,,150,Europe,039,Southern Europe,,,070,Northern America and Europe,80
BLR,Belarus,Upper middle income,Europe & Central Asia,100,,100,NO,Member State,1,"Territory, region, or administrated by a state",Member State,,150,Europe,151,Eastern Europe,,,112,Northern America and Europe,100
BLZ,Belize,Upper middle income,Latin America & Caribbean,40,,80,NO,Member State,1,"Territory, region, or administrated by a state",Member State,,019,Americas,419,Latin America and the Caribbean,013,Central America,084,Latin America & Caribbean,80
BOL,Bolivia (Plurinational State of),Lower middle income,Latin America & Caribbean,,,20,NO,Member State,1,"Territory, region, or administrated by a state",Member State,,019,Americas,419,Latin America and the Caribbean,005,South America,068,Latin America & Caribbean,20
BRA,Brazil,Upper middle income,Latin America & Caribbean,80,80,100,NO,Member State,1,"Territory, region, or administrated by a state",Member State,,019,Americas,419,Latin America and the Caribbean,005,South America,076,Latin America & Caribbean,100
BRB,Barbados,High income,Latin America & Caribbean,,,80,NO,Member State,1,"Territory, region, or administrated by a state",Member State,,019,Americas,419,Latin America and the Caribbean,029,Caribbean,052,Latin America & Caribbean,80
BTN,Bhutan,Lower middle income,South Asia,40,60,60,NO,Member State,1,"Territory, region, or administrated by a state",Member State,,142,Asia,034,Southern Asia,,,064,Southern Asia,60
BWA,Botswana,Upper middle income,Sub-Saharan Africa,40,40,40,NO,Member State,1,"Territory, region, or administrated by a state",Member State,,002,Africa,202,Sub-Saharan Africa,018,Southern Africa,072,Sub-Saharan Africa,40
CAF,Central African Republic,Low income,Sub-Saharan Africa,0,0,0,NO,Member State,1,"Territory, region, or administrated by a state",Member State,,002,Africa,202,Sub-Saharan Africa,017,Middle Africa,140,Sub-Saharan Africa,0
CAN,Canada,High income,North America,100,100,100,NO,Member State,1,"Territory, region, or administrated by a state",Member State,,019,Americas,021,Northern America,,,124,Northern America and Europe,100
CHE,Switzerland,High income,Europe & Central Asia,,80,,NO,Member State,1,"Territory, region, or administrated by a state",Member State,,150,Europe,155,Western Europe,,,756,Northern America and Europe,80
CHL,Chile,High income,Latin America & Caribbean,100,100,100,NO,Member State,1,"Territory, region, or administrated by a state",Member State,,019,Americas,419,Latin America and the Caribbean,005,South America,152,Latin America & Caribbean,100
CHN,China,Upper middle income,East Asia & Pacific,100,100,80,NO,Member State,1,"Territory, region, or administrated by a state",Member State,,142,Asia,030,Eastern Asia,,,156,Eastern Asia,80
CIV,Côte D'Ivoire,Lower middle income,Sub-Saharan Africa,20,20,0,NO,Member State,1,"Territory, region, or administrated by a state",Member State,,002,Africa,202,Sub-Saharan Africa,011,Western Africa,384,Sub-Saharan Africa,0
CMR,Cameroon,Lower middle income,Sub-Saharan Africa,40,40,40,NO,Member State,1,"Territory, region, or administrated by a state",Member State,,002,Africa,202,Sub-Saharan Africa,017,Middle Africa,120,Sub-Saharan Africa,40
COD,Democratic Republic of the Congo,Low income,Sub-Saharan Africa,20,20,20,NO,Member State,1,"Territory, region, or administrated by a state",Member State,,002,Africa,202,Sub-Saharan Africa,017,Middle Africa,180,Sub-Saharan Africa,20
COG,Congo,Lower middle income,Sub-Saharan Africa,40,40,40,NO,Member State,1,"Territory, region, or administrated by a state",Member State,,002,Africa,202,Sub-Saharan Africa,017,Middle Africa,178,Sub-Saharan Africa,40
COK,Cook Islands,,,60,60,60,NO,NZ Territory,0,"Territory, region, or administrated by a state",NZ Territory,NZL,009,Oceania,061,Polynesia,,,184,Oceania,60
COL,Colombia,Upper middle income,Latin America & Caribbean,80,80,80,NO,Member State,1,"Territory, region, or administrated by a state",Member State,,019,Americas,419,Latin America and the Caribbean,005,South America,170,Latin America & Caribbean,80
COM,Comoros,Lower middle income,Sub-Saharan Africa,20,60,40,NO,Member State,1,"Territory, region, or administrated by a state",Member State,,002,Africa,202,Sub-Saharan Africa,014,Eastern Africa,174,Sub-Saharan Africa,40
CPV,Cabo Verde,Lower middle income,Sub-Saharan Africa,80,80,80,NO,Member State,1,"Territory, region, or administrated by a state",Member State,,002,Africa,202,Sub-Saharan Africa,011,Western Africa,132,Sub-Saharan Africa,80
CRI,Costa Rica,Upper middle income,Latin America & Caribbean,80,80,80,NO,Member State,1,"Territory, region, or administrated by a state",Member State,,019,Americas,419,Latin America and the Caribbean,013,Central America,188,Latin America & Caribbean,80
CUB,Cuba,Upper middle income,Latin America & Caribbean,100,100,,NO,Member State,1,"Territory, region, or administrated by a state",Member State,,019,Americas,419,Latin America and the Caribbean,029,Caribbean,192,Latin America & Caribbean,100
CYP,Cyprus,High income,Europe & Central Asia,100,100,100,NO,Member State,1,"Territory, region, or administrated by a state",Member State,,142,Asia,145,Western Asia,,,196,Northern Africa & Western Asia,100
CZE,Czechia,High income,Europe & Central Asia,60,60,,NO,Member State,1,"Territory, region, or administrated by a state",Member State,,150,Europe,151,Eastern Europe,,,203,Northern America and Europe,60
DEU,Germany,High income,Europe & Central Asia,80,80,80,NO,Member State,1,"Territory, region, or administrated by a state",Member State,,150,Europe,155,Western Europe,,,276,Northern America and Europe,80
DJI,Djibouti,Lower middle income,Middle East & North Africa,80,40,20,NO,Member State,1,"Territory, region, or administrated by a state",Member State,,002,Africa,202,Sub-Saharan Africa,014,Eastern Africa,262,Sub-Saharan Africa,20
DMA,Dominica,Upper middle income,Latin America & Caribbean,100,100,,NO,Member State,1,"Territory, region, or administrated by a state",Member State,,019,Americas,419,Latin America and the Caribbean,029,Caribbean,212,Latin America & Caribbean,100
DNK,Denmark,High income,Europe & Central Asia,100,100,100,NO,Member State,1,"Territory, region, or administrated by a state",Member State,,150,Europe,154,Northern Europe,,,208,Northern America and Europe,100
DOM,Dominican Republic,Upper middle income,Latin America & Caribbean,20,40,80,NO,Member State,1,"Territory, region, or administrated by a state",Member State,,019,Americas,419,Latin America and the Caribbean,029,Caribbean,214,Latin America & Caribbean,80
DZA,Algeria,Lower middle income,Middle East & North Africa,80,80,80,NO,Member State,1,"Territory, region, or administrated by a state",Member State,,002,Africa,015,Northern Africa,,,012,Northern Africa & Western Asia,80
ECU,Ecuador,Upper middle income,Latin America & Caribbean,60,80,80,NO,Member State,1,"Territory, region, or administrated by a state",Member State,,019,Americas,419,Latin America and the Caribbean,005,South America,218,Latin America & Caribbean,80
EGY,Egypt,Lower middle income,Middle East & North Africa,80,80,80,NO,Member State,1,"Territory, region, or administrated by a state",Member State,,002,Africa,015,Northern Africa,,,818,Northern Africa & Western Asia,80
ERI,Eritrea,Low income,Sub-Saharan Africa,20,20,60,NO,Member State,1,"Territory, region, or administrated by a state",Member State,,002,Africa,202,Sub-Saharan Africa,014,Eastern Africa,232,Sub-Saharan Africa,60
ESP,Spain,High income,Europe & Central Asia,80,80,80,NO,Member State,1,"Territory, region, or administrated by a state",Member State,,150,Europe,039,Southern Europe,,,724,Northern America and Europe,80
EST,Estonia,High income,Europe & Central Asia,80,80,80,NO,Member State,1,"Territory, region, or administrated by a state",Member State,,150,Europe,154,Northern Europe,,,233,Northern America and Europe,80
ETH,Ethiopia,Low income,Sub-Saharan Africa,20,40,40,NO,Member State,1,"Territory, region, or administrated by a state",Member State,,002,Africa,202,Sub-Saharan Africa,014,Eastern Africa,231,Sub-Saharan Africa,40
FIN,Finland,High income,Europe & Central Asia,100,100,100,NO,Member State,1,"Territory, region, or administrated by a state",Member State,,150,Europe,154,Northern Europe,,,246,Northern America and Europe,100
FJI,Fiji,Upper middle income,East Asia & Pacific,80,,,NO,Member State,1,"Territory, region, or administrated by a state",Member State,,009,Oceania,054,Melanesia,,,242,Oceania,80
FRA,France,High income,Europe & Central Asia,80,80,80,NO,Member State,1,"Territory, region, or administrated by a state",Member State,,150,Europe,155,Western Europe,,,250,Northern America and Europe,80
FSM,Micronesia (Federated States of),Lower middle income,East Asia & Pacific,,40,40,NO,Member State,1,"Territory, region, or administrated by a state",Member State,,009,Oceania,057,Micronesia,,,583,Oceania,40
GAB,Gabon,Upper middle income,Sub-Saharan Africa,20,20,20,NO,Member State,1,"Territory, region, or administrated by a state",Member State,,002,Africa,202,Sub-Saharan Africa,017,Middle Africa,266,Sub-Saharan Africa,20
GBR,United Kingdom of Great Britain and Northern Ireland,High income,Europe & Central Asia,100,100,100,NO,Member State,1,"Territory, region, or administrated by a state",Member State,,150,Europe,154,Northern Europe,,,826,Northern America and Europe,100
GEO,Georgia,Upper middle income,Europe & Central Asia,60,60,40,NO,Member State,1,"Territory, region, or administrated by a state",Member State,,142,Asia,145,Western Asia,,,268,Northern Africa & Western Asia,40
GHA,Ghana,Lower middle income,Sub-Saharan Africa,40,40,40,NO,Member State,1,"Territory, region, or administrated by a state",Member State,,002,Africa,202,Sub-Saharan Africa,011,Western Africa,288,Sub-Saharan Africa,40
GIN,Guinea,Low income,Sub-Saharan Africa,40,20,40,NO,Member State,1,"Territory, region, or administrated by a state",Member State,,002,Africa,202,Sub-Saharan Africa,011,Western Africa,324,Sub-Saharan Africa,40
GMB,Gambia (Republic of The),Low income,Sub-Saharan Africa,40,20,20,NO,Member State,1,"Territory, region, or administrated by a state",Member State,,002,Africa,202,Sub-Saharan Africa,011,Western Africa,270,Sub-Saharan Africa,20
GNB,Guinea-Bissau,Low income,Sub-Saharan Africa,20,20,40,NO,Member State,1,"Territory, region, or administrated by a state",Member State,,002,Africa,202,Sub-Saharan Africa,011,Western Africa,624,Sub-Saharan Africa,40
GNQ,Equatorial Guinea,Upper middle income,Sub-Saharan Africa,0,20,20,NO,Member State,1,"Territory, region, or administrated by a state",Member State,,002,Africa,202,Sub-Saharan Africa,017,Middle Africa,226,Sub-Saharan Africa,20
GRC,Greece,High income,Europe & Central Asia,,80,80,NO,Member State,1,"Territory, region, or administrated by a state",Member State,,150,Europe,039,Southern Europe,,,300,Northern America and Europe,80
GTM,Guatemala,Upper middle income,Latin America & Caribbean,20,40,60,NO,Member State,1,"Territory, region, or administrated by a state",Member State,,019,Americas,419,Latin America and the Caribbean,013,Central America,320,Latin America & Caribbean,60
GUY,Guyana,Upper middle income,Latin America & Caribbean,,100,100,NO,Member State,1,"Territory, region, or administrated by a state",Member State,,019,Americas,419,Latin America and the Caribbean,005,South America,328,Latin America & Caribbean,100
HND,Honduras,Lower middle income,Latin America & Caribbean,20,40,80,NO,Member State,1,"Territory, region, or administrated by a state",Member State,,019,Americas,419,Latin America and the Caribbean,013,Central America,340,Latin America & Caribbean,80
HRV,Croatia,High income,Europe & Central Asia,80,80,80,NO,Member State,1,"Territory, region, or administrated by a state",Member State,,150,Europe,039,Southern Europe,,,191,Northern America and Europe,80
HTI,Haiti,Lower middle income,Latin America & Caribbean,20,,20,NO,Member State,1,"Territory, region, or administrated by a state",Member State,,019,Americas,419,Latin America and the Caribbean,029,Caribbean,332,Latin America & Caribbean,20
HUN,Hungary,High income,Europe & Central Asia,80,100,80,NO,Member State,1,"Territory, region, or administrated by a state",Member State,,150,Europe,151,Eastern Europe,,,348,Northern America and Europe,80
IDN,Indonesia,Lower middle income,East Asia & Pacific,60,80,60,NO,Member State,1,"Territory, region, or administrated by a state",Member State,,142,Asia,035,South-eastern Asia,,,360,South-eastern Asia,60
IND,India,Lower middle income,South Asia,60,60,60,NO,Member State,1,"Territory, region, or administrated by a state",Member State,,142,Asia,034,Southern Asia,,,356,Southern Asia,60
IRL,Ireland,High income,Europe & Central Asia,100,100,100,NO,Member State,1,"Territory, region, or administrated by a state",Member State,,150,Europe,154,Northern Europe,,,372,Northern America and Europe,100
IRN,Iran (Islamic Republic of),Lower middle income,Middle East & North Africa,80,,80,NO,Member State,1,"Territory, region, or administrated by a state",Member State,,142,Asia,034,Southern Asia,,,364,Southern Asia,80
IRQ,Iraq,Upper middle income,Middle East & North Africa,60,40,40,NO,Member State,1,"Territory, region, or administrated by a state",Member State,,142,Asia,145,Western Asia,,,368,Northern Africa & Western Asia,40
ISL,Iceland,High income,Europe & Central Asia,80,80,,NO,Member State,1,"Territory, region, or administrated by a state",Member State,,150,Europe,154,Northern Europe,,,352,Northern America and Europe,80
ISR,Israel,High income,Middle East & North Africa,100,100,,NO,Member State,1,"Territory, region, or administrated by a state",Member State,,142,Asia,145,Western Asia,,,376,Northern Africa & Western Asia,100
ITA,Italy,High income,Europe & Central Asia,80,80,100,NO,Member State,1,"Territory, region, or administrated by a state",Member State,,150,Europe,039,Southern Europe,,,380,Northern America and Europe,100
JAM,Jamaica,Upper middle income,Latin America & Caribbean,80,80,80,NO,Member State,1,"Territory, region, or administrated by a state",Member State,,019,Americas,419,Latin America and the Caribbean,029,Caribbean,388,Latin America & Caribbean,80
JOR,Jordan,Upper middle income,Middle East & North Africa,40,40,40,NO,Member State,1,"Territory, region, or administrated by a state",Member State,,142,Asia,145,Western Asia,,,400,Northern Africa & Western Asia,40
JPN,Japan,High income,East Asia & Pacific,,100,100,NO,Member State,1,"Territory, region, or administrated by a state",Member State,,142,Asia,030,Eastern Asia,,,392,Eastern Asia,100
KAZ,Kazakhstan,Upper middle income,Europe & Central Asia,20,80,80,NO,Member State,1,"Territory, region, or administrated by a state",Member State,,142,Asia,143,Central Asia,,,398,Central Asia,80
KEN,Kenya,Lower middle income,Sub-Saharan Africa,20,60,60,NO,Member State,1,"Territory, region, or administrated by a state",Member State,,002,Africa,202,Sub-Saharan Africa,014,Eastern Africa,404,Sub-Saharan Africa,60
KGZ,Kyrgyzstan,Lower middle income,Europe & Central Asia,40,0,40,NO,Member State,1,"Territory, region, or administrated by a state",Member State,,142,Asia,143,Central Asia,,,417,Central Asia,40
KHM,Cambodia,Lower middle income,East Asia & Pacific,40,60,60,NO,Member State,1,"Territory, region, or administrated by a state",Member State,,142,Asia,035,South-eastern Asia,,,116,South-eastern Asia,60
KIR,Kiribati,Lower middle income,East Asia & Pacific,80,,80,NO,Member State,1,"Territory, region, or administrated by a state",Member State,,009,Oceania,057,Micronesia,,,296,Oceania,80
KNA,Saint Kitts and Nevis,High income,Latin America & Caribbean,80,80,80,NO,Member State,1,"Territory, region, or administrated by a state",Member State,,019,Americas,419,Latin America and the Caribbean,029,Caribbean,659,Latin America & Caribbean,80
KOR,Republic of Korea,High income,East Asia & Pacific,100,100,100,NO,Member State,1,"Territory, region, or administrated by a state",Member State,,142,Asia,030,Eastern Asia,,,410,Eastern Asia,100
KWT,Kuwait,High income,Middle East & North Africa,80,80,80,NO,Member State,1,"Territory, region, or administrated by a state",Member State,,142,Asia,145,Western Asia,,,414,Northern Africa & Western Asia,80
LAO,Lao People's Democratic Republic,Lower middle income,East Asia & Pacific,40,40,40,NO,Member State,1,"Territory, region, or administrated by a state",Member State,,142,Asia,035,South-eastern Asia,,,418,South-eastern Asia,40
LBN,Lebanon,Lower middle income,Middle East & North Africa,40,80,60,NO,Member State,1,"Territory, region, or administrated by a state",Member State,,142,Asia,145,Western Asia,,,422,Northern Africa & Western Asia,60
LBR,Liberia,Low income,Sub-Saharan Africa,20,20,40,NO,Member State,1,"Territory, region, or administrated by a state",Member State,,002,Africa,202,Sub-Saharan Africa,011,Western Africa,430,Sub-Saharan Africa,40
LBY,Libya,Upper middle income,Middle East & North Africa,20,40,60,NO,Member State,1,"Territory, region, or administrated by a state",Member State,,002,Africa,015,Northern Africa,,,434,Northern Africa & Western Asia,60
LCA,Saint Lucia,Upper middle income,Latin America & Caribbean,80,80,80,NO,Member State,1,"Territory, region, or administrated by a state",Member State,,019,Americas,419,Latin America and the Caribbean,029,Caribbean,662,Latin America & Caribbean,80
LIE,Liechtenstein,High income,Europe & Central Asia,,80,80,NO,Member State,1,"Territory, region, or administrated by a state",Member State,,150,Europe,155,Western Europe,,,438,Northern America and Europe,80
LKA,Sri Lanka,Lower middle income,South Asia,20,40,40,NO,Member State,1,"Territory, region, or administrated by a state",Member State,,142,Asia,034,Southern Asia,,,144,Southern Asia,40
LSO,Lesotho,Lower middle income,Sub-Saharan Africa,40,20,80,NO,Member State,1,"Territory, region, or administrated by a state",Member State,,002,Africa,202,Sub-Saharan Africa,018,Southern Africa,426,Sub-Saharan Africa,80
LTU,Lithuania,High income,Europe & Central Asia,80,100,100,NO,Member State,1,"Territory, region, or administrated by a state",Member State,,150,Europe,154,Northern Europe,,,440,Northern America and Europe,100
LUX,Luxembourg,High income,Europe & Central Asia,80,100,100,NO,Member State,1,"Territory, region, or administrated by a state",Member State,,150,Europe,155,Western Europe,,,442,Northern America and Europe,100
LVA,Latvia,High income,Europe & Central Asia,80,80,80,NO,Member State,1,"Territory, region, or administrated by a state",Member State,,150,Europe,154,Northern Europe,,,428,Northern America and Europe,80
MAR,Morocco,Lower middle income,Middle East & North Africa,80,80,80,NO,Member State,1,"Territory, region, or administrated by a state",Member State,,002,Africa,015,Northern Africa,,,504,Northern Africa & Western Asia,80
MCO,Monaco,High income,Europe & Central Asia,80,80,,NO,Member State,1,"Territory, region, or administrated by a state",Member State,,150,Europe,155,Western Europe,,,492,Northern America and Europe,80
MDA,Republic of Moldova,Upper middle income,Europe & Central Asia,80,80,80,NO,Member State,1,"Territory, region, or administrated by a state",Member State,,150,Europe,151,Eastern Europe,,,498,Northern America and Europe,80
MDG,Madagascar,Low income,Sub-Saharan Africa,40,40,40,NO,Member State,1,"Territory, region, or administrated by a state",Member State,,002,Africa,202,Sub-Saharan Africa,014,Eastern Africa,450,Sub-Saharan Africa,40
MDV,Maldives,Upper middle income,South Asia,80,80,80,NO,Member State,1,"Territory, region, or administrated by a state",Member State,,142,Asia,034,Southern Asia,,,462,Southern Asia,80
MEX,Mexico,Upper middle income,Latin America & Caribbean,80,80,80,NO,Member State,1,"Territory, region, or administrated by a state",Member State,,019,Americas,419,Latin America and the Caribbean,013,Central America,484,Latin America & Caribbean,80
MHL,Marshall Islands,Upper middle income,East Asia & Pacific,40,,40,NO,Member State,1,"Territory, region, or administrated by a state",Member State,,009,Oceania,057,Micronesia,,,584,Oceania,40
MKD,North Macedonia,Upper middle income,Europe & Central Asia,60,60,60,NO,Member State,1,"Territory, region, or administrated by a state",Member State,,150,Europe,039,Southern Europe,,,807,Northern America and Europe,60
MLI,Mali,Low income,Sub-Saharan Africa,80,80,80,NO,Member State,1,"Territory, region, or administrated by a state",Member State,,002,Africa,202,Sub-Saharan Africa,011,Western Africa,466,Sub-Saharan Africa,80
MLT,Malta,High income,Middle East & North Africa,80,80,80,NO,Member State,1,"Territory, region, or administrated by a state",Member State,,150,Europe,039,Southern Europe,,,470,Northern America and Europe,80
MMR,Myanmar,Lower middle income,East Asia & Pacific,40,60,60,NO,Member State,1,"Territory, region, or administrated by a state",Member State,,142,Asia,035,South-eastern Asia,,,104,South-eastern Asia,60
MNE,Montenegro,Upper middle income,Europe & Central Asia,20,60,60,NO,Member State,1,Member state,,,150,Europe,039,Southern Europe,,,499,Northern America and Europe,60
MNG,Mongolia,Lower middle income,East Asia & Pacific,60,80,80,NO,Member State,1,"Territory, region, or administrated by a state",Member State,,142,Asia,030,Eastern Asia,,,496,Eastern Asia,80
MOZ,Mozambique,Low income,Sub-Saharan Africa,60,60,80,NO,Member State,1,"Territory, region, or administrated by a state",Member State,,002,Africa,202,Sub-Saharan Africa,014,Eastern Africa,508,Sub-Saharan Africa,80
MRT,Mauritania,Lower middle income,Sub-Saharan Africa,20,20,20,NO,Member State,1,"Territory, region, or administrated by a state",Member State,,002,Africa,202,Sub-Saharan Africa,011,Western Africa,478,Sub-Saharan Africa,20
MUS,Mauritius,Upper middle income,Sub-Saharan Africa,80,80,80,NO,Member State,1,"Territory, region, or administrated by a state",Member State,,002,Africa,202,Sub-Saharan Africa,014,Eastern Africa,480,Sub-Saharan Africa,80
MWI,Malawi,Low income,Sub-Saharan Africa,40,40,20,NO,Member State,1,"Territory, region, or administrated by a state",Member State,,002,Africa,202,Sub-Saharan Africa,014,Eastern Africa,454,Sub-Saharan Africa,20
MYS,Malaysia,Upper middle income,East Asia & Pacific,80,80,80,NO,Member State,1,"Territory, region, or administrated by a state",Member State,,142,Asia,035,South-eastern Asia,,,458,South-eastern Asia,80
NAM,Namibia,Upper middle income,Sub-Saharan Africa,60,60,60,NO,Member State,1,"Territory, region, or administrated by a state",Member State,,002,Africa,202,Sub-Saharan Africa,018,Southern Africa,516,Sub-Saharan Africa,60
NER,Niger,Low income,Sub-Saharan Africa,40,20,20,NO,Member State,1,"Territory, region, or administrated by a state",Member State,,002,Africa,202,Sub-Saharan Africa,011,Western Africa,562,Sub-Saharan Africa,20
NGA,Nigeria,Lower middle income,Sub-Saharan Africa,80,40,40,NO,Member State,1,"Territory, region, or administrated by a state",Member State,,002,Africa,202,Sub-Saharan Africa,011,Western Africa,566,Sub-Saharan Africa,40
NIC,Nicaragua,Lower middle income,Latin America & Caribbean,80,80,80,NO,Member State,1,"Territory, region, or administrated by a state",Member State,,019,Americas,419,Latin America and the Caribbean,013,Central America,558,Latin America & Caribbean,80
NIU,Niue,,,80,80,,NO,NZ Territory,0,"Territory, region, or administrated by a state",NZ Territory,NZL,009,Oceania,061,Polynesia,,,570,Oceania,80
NLD,Netherlands,High income,Europe & Central Asia,80,80,80,NO,Member State,1,"Territory, region, or administrated by a state",Member State,,150,Europe,155,Western Europe,,,528,Northern America and Europe,80
NOR,Norway,High income,Europe & Central Asia,100,100,100,NO,Member State,1,"Territory, region, or administrated by a state",Member State,,150,Europe,154,Northern Europe,,,578,Northern America and Europe,100
NPL,Nepal,Lower middle income,South Asia,20,20,40,NO,Member State,1,"Territory, region, or administrated by a state",Member State,,142,Asia,034,Southern Asia,,,524,Southern Asia,40
NRU,Nauru,High income,East Asia & Pacific,80,,,NO,Member State,1,"Territory, region, or administrated by a state",Member State,,009,Oceania,057,Micronesia,,,520,Oceania,80
NZL,New Zealand,High income,East Asia & Pacific,100,80,80,NO,Member State,1,"Territory, region, or administrated by a state",Member State,,009,Oceania,053,Australia and New Zealand,,,554,Oceania,80
OMN,Oman,High income,Middle East & North Africa,100,80,80,NO,Member State,1,"Territory, region, or administrated by a state",Member State,,142,Asia,145,Western Asia,,,512,Northern Africa & Western Asia,80
PAK,Pakistan,Lower middle income,South Asia,40,40,40,NO,Member State,1,"Territory, region, or administrated by a state",Member State,,142,Asia,034,Southern Asia,,,586,Southern Asia,40
PAN,Panama,High income,Latin America & Caribbean,80,80,80,NO,Member State,1,"Territory, region, or administrated by a state",Member State,,019,Americas,419,Latin America and the Caribbean,013,Central America,591,Latin America & Caribbean,80
PER,Peru,Upper middle income,Latin America & Caribbean,40,60,80,NO,Member State,1,"Territory, region, or administrated by a state",Member State,,019,Americas,419,Latin America and the Caribbean,005,South America,604,Latin America & Caribbean,80
PHL,Philippines,Lower middle income,East Asia & Pacific,,40,80,NO,Member State,1,"Territory, region, or administrated by a state",Member State,,142,Asia,035,South-eastern Asia,,,608,South-eastern Asia,80
PLW,Palau,Upper middle income,East Asia & Pacific,80,80,60,NO,Member State,1,"Territory, region, or administrated by a state",Member State,,009,Oceania,057,Micronesia,,,585,Oceania,60
PNG,Papua New Guinea,Lower middle income,East Asia & Pacific,20,40,,NO,Member State,1,"Territory, region, or administrated by a state",Member State,,009,Oceania,054,Melanesia,,,598,Oceania,40
POL,Poland,High income,Europe & Central Asia,,40,0,NO,Member State,1,"Territory, region, or administrated by a state",Member State,,150,Europe,151,Eastern Europe,,,616,Northern America and Europe,0
PRK,Dem People's Rep of Korea,Low income,East Asia & Pacific,40,20,60,NO,Member State,1,"Territory, region, or administrated by a state",Member State,,142,Asia,030,Eastern Asia,,,408,Eastern Asia,60
PRT,Portugal,High income,Europe & Central Asia,80,100,80,NO,Member State,1,"Territory, region, or administrated by a state",Member State,,150,Europe,039,Southern Europe,,,620,Northern America and Europe,80
PRY,Paraguay,Upper middle income,Latin America & Caribbean,80,80,80,NO,Member State,1,"Territory, region, or administrated by a state",Member State,,019,Americas,419,Latin America and the Caribbean,005,South America,600,Latin America & Caribbean,80
QAT,Qatar,High income,Middle East & North Africa,100,100,80,NO,Member State,1,"Territory, region, or administrated by a state",Member State,,142,Asia,145,Western Asia,,,634,Northern Africa & Western Asia,80
ROU,Romania,High income,Europe & Central Asia,80,80,80,NO,Member State,1,"Territory, region, or administrated by a state",Member State,,150,Europe,151,Eastern Europe,,,642,Northern America and Europe,80
RUS,Russian Federation,Upper middle income,Europe & Central Asia,100,100,100,NO,Member State,1,"Territory, region, or administrated by a state",Member State,,150,Europe,151,Eastern Europe,,,643,Northern America and Europe,100
RWA,Rwanda,Low income,Sub-Saharan Africa,80,100,40,NO,Member State,1,"Territory, region, or administrated by a state",Member State,,002,Africa,202,Sub-Saharan Africa,014,Eastern Africa,646,Sub-Saharan Africa,40
SAU,Saudi Arabia,High income,Middle East & North Africa,80,80,80,NO,Member State,1,"Territory, region, or administrated by a state",Member State,,142,Asia,145,Western Asia,,,682,Northern Africa & Western Asia,80
SDN,Sudan,Low income,Sub-Saharan Africa,80,80,80,NO,Member State,1,"Territory, region, or administrated by a state",Member State,,002,Africa,015,Northern Africa,,,729,Northern Africa & Western Asia,80
SEN,Senegal,Lower middle income,Sub-Saharan Africa,40,80,80,NO,Member State,1,"Territory, region, or administrated by a state",Member State,,002,Africa,202,Sub-Saharan Africa,011,Western Africa,686,Sub-Saharan Africa,80
SGP,Singapore,High income,East Asia & Pacific,80,80,80,NO,Member State,1,"Territory, region, or administrated by a state",Member State,,142,Asia,035,South-eastern Asia,,,702,South-eastern Asia,80
SLB,Solomon Islands,Lower middle income,East Asia & Pacific,20,,20,NO,Member State,1,"Territory, region, or administrated by a state",Member State,,009,Oceania,054,Melanesia,,,090,Oceania,20
SLE,Sierra Leone,Low income,Sub-Saharan Africa,20,20,20,NO,Member State,1,"Territory, region, or administrated by a state",Member State,,002,Africa,202,Sub-Saharan Africa,011,Western Africa,694,Sub-Saharan Africa,20
SLV,El Salvador,Lower middle income,Latin America & Caribbean,20,80,100,NO,Member State,1,"Territory, region, or administrated by a state",Member State,,019,Americas,419,Latin America and the Caribbean,013,Central America,222,Latin America & Caribbean,100
SMR,San Marino,High income,Europe & Central Asia,40,,,NO,Member State,1,"Territory, region, or administrated by a state",Member State,,150,Europe,039,Southern Europe,,,674,Northern America and Europe,40
SOM,Somalia,Low income,Sub-Saharan Africa,20,,,NO,Member State,1,"Territory, region, or administrated by a state",Member State,,002,Africa,202,Sub-Saharan Africa,014,Eastern Africa,706,Sub-Saharan Africa,20
SRB,Serbia,Upper middle income,Europe & Central Asia,80,80,80,NO,Member State,1,Member state,,,150,Europe,039,Southern Europe,,,688,Northern America and Europe,80
SSD,South Sudan,Low income,Sub-Saharan Africa,20,20,20,NO,Member State,1,Member state,,,002,Africa,202,Sub-Saharan Africa,014,Eastern Africa,728,Sub-Saharan Africa,20
STP,Sao Tome and Principe,Lower middle income,Sub-Saharan Africa,0,40,40,NO,Member State,1,"Territory, region, or administrated by a state",Member State,,002,Africa,202,Sub-Saharan Africa,017,Middle Africa,678,Sub-Saharan Africa,40
SUR,Suriname,Upper middle income,Latin America & Caribbean,80,80,80,NO,Member State,1,"Territory, region, or administrated by a state",Member State,,019,Americas,419,Latin America and the Caribbean,005,South America,740,Latin America & Caribbean,80
SVK,Slovakia,High income,Europe & Central Asia,60,60,60,NO,Member State,1,"Territory, region, or administrated by a state",Member State,,150,Europe,151,Eastern Europe,,,703,Northern America and Europe,60
SVN,Slovenia,High income,Europe & Central Asia,100,100,,NO,Member State,1,"Territory, region, or administrated by a state",Member State,,150,Europe,039,Southern Europe,,,705,Northern America and Europe,100
SWE,Sweden,High income,Europe & Central Asia,80,80,80,NO,Member State,1,"Territory, region, or administrated by a state",Member State,,150,Europe,154,Northern Europe,,,752,Northern America and Europe,80
SWZ,Eswatini,Lower middle income,Sub-Saharan Africa,40,40,40,NO,Member State,1,"Territory, region, or administrated by a state",Member State,,002,Africa,202,Sub-Saharan Africa,018,Southern Africa,748,Sub-Saharan Africa,40
SYC,Seychelles,High income,Sub-Saharan Africa,80,80,80,NO,Member State,1,"Territory, region, or administrated by a state",Member State,,002,Africa,202,Sub-Saharan Africa,014,Eastern Africa,690,Sub-Saharan Africa,80
SYR,Syrian Arab Republic,Low income,Middle East & North Africa,40,40,40,NO,Member State,1,"Territory, region, or administrated by a state",Member State,,142,Asia,145,Western Asia,,,760,Northern Africa & Western Asia,40
TCD,Chad,Low income,Sub-Saharan Africa,20,20,20,NO,Member State,1,"Territory, region, or administrated by a state",Member State,,002,Africa,202,Sub-Saharan Africa,017,Middle Africa,148,Sub-Saharan Africa,20
TGO,Togo,Low income,Sub-Saharan Africa,40,40,40,NO,Member State,1,"Territory, region, or administrated by a state",Member State,,002,Africa,202,Sub-Saharan Africa,011,Western Africa,768,Sub-Saharan Africa,40
THA,Thailand,Upper middle income,East Asia & Pacific,80,80,80,NO,Member State,1,"Territory, region, or administrated by a state",Member State,,142,Asia,035,South-eastern Asia,,,764,South-eastern Asia,80
TJK,Tajikistan,Lower middle income,Europe & Central Asia,60,40,,NO,Member State,1,"Territory, region, or administrated by a state",Member State,,142,Asia,143,Central Asia,,,762,Central Asia,40
TKM,Turkmenistan,Upper middle income,Europe & Central Asia,60,60,60,NO,Member State,1,"Territory, region, or administrated by a state",Member State,,142,Asia,143,Central Asia,,,795,Central Asia,60
TLS,Timor-Leste,Lower middle income,East Asia & Pacific,40,40,40,NO,Member State,1,"Territory, region, or administrated by a state",Member State,,142,Asia,035,South-eastern Asia,,,626,South-eastern Asia,40
TON,Tonga,Upper middle income,East Asia & Pacific,80,,80,NO,Member State,1,"Territory, region, or administrated by a state",Member State,,009,Oceania,061,Polynesia,,,776,Oceania,80
TTO,Trinidad and Tobago,High income,Latin America & Caribbean,40,40,,NO,Member State,1,"Territory, region, or administrated by a state",Member State,,019,Americas,419,Latin America and the Caribbean,029,Caribbean,780,Latin America & Caribbean,40
TUN,Tunisia,Lower middle income,Middle East & North Africa,60,60,80,NO,Member State,1,"Territory, region, or administrated by a state",Member State,,002,Africa,015,Northern Africa,,,788,Northern Africa & Western Asia,80
TUR,Türkiye,Upper middle income,Europe & Central Asia,60,60,80,NO,Member State,1,"Territory, region, or administrated by a state",Member State,,142,Asia,145,Western Asia,,,792,Northern Africa & Western Asia,80
TUV,Tuvalu,Upper middle income,East Asia & Pacific,20,,60,NO,Member State,1,"Territory, region, or administrated by a state",Member State,,009,Oceania,061,Polynesia,,,798,Oceania,60
TZA,United Republic of Tanzania,Lower middle income,Sub-Saharan Africa,60,60,60,NO,Member State,1,"Territory, region, or administrated by a state",Member State,,002,Africa,202,Sub-Saharan Africa,014,Eastern Africa,834,Sub-Saharan Africa,60
UGA,Uganda,Low income,Sub-Saharan Africa,20,40,40,NO,Member State,1,"Territory, region, or administrated by a state",Member State,,002,Africa,202,Sub-Saharan Africa,014,Eastern Africa,800,Sub-Saharan Africa,40
UKR,Ukraine,Lower middle income,Europe & Central Asia,80,60,60,NO,Member State,1,"Territory, region, or administrated by a state",Member State,,150,Europe,151,Eastern Europe,,,804,Northern America and Europe,60
URY,Uruguay,High income,Latin America & Caribbean,80,80,80,NO,Member State,1,"Territory, region, or administrated by a state",Member State,,019,Americas,419,Latin America and the Caribbean,005,South America,858,Latin America & Caribbean,80
USA,United States of America,High income,North America,100,100,100,NO,Member State,1,"Territory, region, or administrated by a state",Member State,,019,Americas,021,Northern America,,,840,Northern America and Europe,100
UZB,Uzbekistan,Lower middle income,Europe & Central Asia,0,20,20,NO,Member State,1,"Territory, region, or administrated by a state",Member State,,142,Asia,143,Central Asia,,,860,Central Asia,20
VCT,Saint Vincent and the Grenadines,Upper middle income,Latin America & Caribbean,80,80,,NO,Member State,1,"Territory, region, or administrated by a state",Member State,,019,Americas,419,Latin America and the Caribbean,029,Caribbean,670,Latin America & Caribbean,80
VEN,"Venezuela, Bolivarian Republic of",,Latin America & Caribbean,80,80,80,NO,Member State,1,"Territory, region, or administrated by a state",Member State,,019,Americas,419,Latin America and the Caribbean,005,South America,862,Latin America & Caribbean,80
VNM,Viet Nam,Lower middle income,East Asia & Pacific,60,80,80,NO,Member State,1,"Territory, region, or administrated by a state",Member State,,142,Asia,035,South-eastern Asia,,,704,South-eastern Asia,80
VUT,Vanuatu,Lower middle income,East Asia & Pacific,20,,80,NO,Member State,1,"Territory, region, or administrated by a state",Member State,,009,Oceania,054,Melanesia,,,548,Oceania,80
WSM,Samoa,Lower middle income,East Asia & Pacific,100,,,NO,Member State,1,"Territory, region, or administrated by a state",Member State,,009,Oceania,061,Polynesia,,,882,Oceania,100
YEM,Yemen,Low income,Middle East & North Africa,40,40,40,NO,Member State,1,"Territory, region, or administrated by a state",Member State,,142,Asia,145,Western Asia,,,887,Northern Africa & Western Asia,40
ZAF,South Africa,Upper middle income,Sub-Saharan Africa,80,100,100,NO,Member State,1,"Territory, region, or administrated by a state",Member State,,002,Africa,202,Sub-Saharan Africa,018,Southern Africa,710,Sub-Saharan Africa,100
ZMB,Zambia,Low income,Sub-Saharan Africa,20,40,80,NO,Member State,1,"Territory, region, or administrated by a state",Member State,,002,Africa,202,Sub-Saharan Africa,014,Eastern Africa,894,Sub-Saharan Africa,80
ZWE,Zimbabwe,Lower middle income,Sub-Saharan Africa,80,80,80,NO,Member State,1,"Territory, region, or administrated by a state",Member State,,002,Africa,202,Sub-Saharan Africa,014,Eastern Africa,716,Sub-Saharan Africa,80
